login,name,company,location,email,hireable,bio,public_repos,followers,following,created_at
IDouble,,,,,,,0,0,0,
TheOfficialFloW,,,,,,,0,0,0,
Seldaek,,,,,,,0,0,0,
riscv,,,,,,,0,0,0,
JonnyBurger,,,,,,,0,0,0,
bpasero,,,,,,,0,0,0,
egamma,,,,,,,0,0,0,
ethz-asl,,,,,,,0,0,0,
sahildua2305,,,,,,,0,0,0,
joaomoreno,,,,,,,0,0,0,
klaudiosinani,,,,,,,0,0,0,
sbrannen,,,,,,,0,0,0,
Juriy,,,,,,,0,0,0,
sarlinpe,,,,,,,0,0,0,
sustrik,,,,,,,0,0,0,
LorenzMeier,,,,,,,0,0,0,
jwagner,,,,,,,0,0,0,
jaspervdj,,,,,,,0,0,0,
lsmith77,,,,,,,0,0,0,
videlalvaro,,,,,,,0,0,0,
cvg,,,,,,,0,0,0,
filipw,,,,,,,0,0,0,
SimonHoiberg,,,,,,,0,0,0,
daviddao,,,,,,,0,0,0,
FujiwaraChoki,,,,,,,0,0,0,
sandy081,,,,,,,0,0,0,
mhils,,,,,,,0,0,0,
decanus,,,,,,,0,0,0,
simonaco,,,,,,,0,0,0,
vegasbrianc,,,,,,,0,0,0,
betatim,,,,,,,0,0,0,
Jaeyoung-Lim,,,,,,,0,0,0,
michaelstaib,,,,,,,0,0,0,
izuzak,,,,,,,0,0,0,
cdecker,,,,,,,0,0,0,
akosma,,,,,,,0,0,0,
CMU-SAFARI,,,,,,,0,0,0,
niosus,,,,,,,0,0,0,
swissspidy,,,,,,,0,0,0,
tgraf,,,,,,,0,0,0,
squix78,,,,,,,0,0,0,
ANYbotics,,,,,,,0,0,0,
jantimon,,,,,,,0,0,0,
lucas-clemente,,,,,,,0,0,0,
mpvl,,,,,,,0,0,0,
tibbe,,,,,,,0,0,0,
stefanzweifel,,,,,,,0,0,0,
gionkunz,,,,,,,0,0,0,
junpenglao,,,,,,,0,0,0,
anishLearnsToCode,,,,,,,0,0,0,
eregon,,,,,,,0,0,0,
ddvk,,,,,,,0,0,0,
AVGP,,,,,,,0,0,0,
kasuken,,,,,,,0,0,0,
nashory,,,,,,,0,0,0,
whummer,,,,,,,0,0,0,
RalucaNicola,,,,,,,0,0,0,
viatsko,,,,,,,0,0,0,
klugjo,,,,,,,0,0,0,
reyk,,,,,,,0,0,0,
CalciferZh,,,,,,,0,0,0,
cansik,,,,,,,0,0,0,
oneThousand1000,,,,,,,0,0,0,
mihaidusmanu,,,,,,,0,0,0,
vterron,,,,,,,0,0,0,
grssnbchr,,,,,,,0,0,0,
stoeffel,,,,,,,0,0,0,
jfree,,,,,,,0,0,0,
0xB10C,,,,,,,0,0,0,
isidorn,,,,,,,0,0,0,
Ha0Tang,,,,,,,0,0,0,
densh,,,,,,,0,0,0,
matteocourthoud,,,,,,,0,0,0,
matthiask,,,,,,,0,0,0,
cfo,,,,,,,0,0,0,
kmader,,,,,,,0,0,0,
jianchao-li,,,,,,,0,0,0,
Tarrasch,,,,,,,0,0,0,
deutranium,,,,,,,0,0,0,
pfankhauser,,,,,,,0,0,0,
albertpumarola,,,,,,,0,0,0,
maxim5,,,,,,,0,0,0,
MichaelFYang,,,,,,,0,0,0,
pixhawk,,,,,,,0,0,0,
oscardelben,,,,,,,0,0,0,
dobin,,,,,,,0,0,0,
burdges,,,,,,,0,0,0,
dlemmermann,,,,,,,0,0,0,
reyammer,,,,,,,0,0,0,
alexliniger,,,,,,,0,0,0,
ShengyuH,,,,,,,0,0,0,
PruneTruong,,,,,,,0,0,0,
marcbachmann,,,,,,,0,0,0,
mmaechler,,,,,,,0,0,0,
Mayankm96,,,,,,,0,0,0,
cblichmann,,,,,,,0,0,0,
thomaswue,,,,,,,0,0,0,
ruflin,,,,,,,0,0,0,
bndr,,,,,,,0,0,0,
ChilliCream,,,,,,,0,0,0,
xldenis,,,,,,,0,0,0,
B1ueber2y,,,,,,,0,0,0,
Zhaozixiang1228,,,,,,,0,0,0,
Separius,,,,,,,0,0,0,
prs-eth,,,,,,,0,0,0,
ethz-adrl,,,,,,,0,0,0,
maria,,,,,,,0,0,0,
fpgasystems,,,,,,,0,0,0,
elliottash,,,,,,,0,0,0,
nmattia,,,,,,,0,0,0,
abewley,,,,,,,0,0,0,
ClashLuke,,,,,,,0,0,0,
mweibel,,,,,,,0,0,0,
ywcmaike,,,,,,,0,0,0,
spadgos,,,,,,,0,0,0,
filiphr,,,,,,,0,0,0,
alina-yur,,,,,,,0,0,0,
kaidul,,,,,,,0,0,0,
fab-jul,,,,,,,0,0,0,
simonlynen,,,,,,,0,0,0,
weinand,,,,,,,0,0,0,
AIWintermuteAI,,,,,,,0,0,0,
lvandeve,,,,,,,0,0,0,
pimvanpelt,,,,,,,0,0,0,
ilyabo,,,,,,,0,0,0,
sinaahmadi,,,,,,,0,0,0,
gyglim,,,,,,,0,0,0,
eastskykang,,,,,,,0,0,0,
openwms,,,,,,,0,0,0,
abertschi,,,,,,,0,0,0,
ChrisJohnRiley,,,,,,,0,0,0,
ytakzk,,,,,,,0,0,0,
SafeExamBrowser,,,,,,,0,0,0,
mrcjkb,,,,,,,0,0,0,
BILLXZY1215,,,,,,,0,0,0,
jankais3r,,,,,,,0,0,0,
gonzalocasas,,,,,,,0,0,0,
antonilo,,,,,,,0,0,0,
RMeli,,,,,,,0,0,0,
ovysotska,,,,,,,0,0,0,
ContainerSolutions,,,,,,,0,0,0,
Mauin,,,,,,,0,0,0,
matteodem,,,,,,,0,0,0,
xzyaoi,,,,,,,0,0,0,
biboudis,,,,,,,0,0,0,
pflammertsma,,,,,,,0,0,0,
marcoancona,,,,,,,0,0,0,
rstaib,,,,,,,0,0,0,
SELISEdigitalplatforms,,,,,,,0,0,0,
Sadullah-TANRIKULU,,,,,,,0,0,0,
zhengyuf,,,,,,,0,0,0,
scipag,,,,,,,0,0,0,
iuliagroza,,,,,,,0,0,0,
meetvora,,,,,,,0,0,0,
karlkurzer,,,,,,,0,0,0,
maria-korosteleva,,,,,,,0,0,0,
akolesnikoff,,,,,,,0,0,0,
dhil,,,,,,,0,0,0,
Semaserg,,,,,,,0,0,0,
noeltock,,,,,,,0,0,0,
aiday-mar,,,,,,,0,0,0,
syzer,,,,,,,0,0,0,
nicnocquee,,,,,,,0,0,0,
ludoro,,,,,,,0,0,0,
domwoe,,,,,,,0,0,0,
cyrilwanner,,,,,,,0,0,0,
joaofaro,,,,,,,0,0,0,
lupas,,,,,,,0,0,0,
riscv-admin,,,,,,,0,0,0,
LaurentNevou,,,,,,,0,0,0,
HanqingWangAI,,,,,,,0,0,0,
meiersi,,,,,,,0,0,0,
fphilipe,,,,,,,0,0,0,
jannisborn,,,,,,,0,0,0,
lorenzwalthert,,,,,,,0,0,0,
ShuhangGu,,,,,,,0,0,0,
zgojcic,,,,,,,0,0,0,
bernardopires,,,,,,,0,0,0,
RinteRface,,,,,,,0,0,0,
yangycpku,,,,,,,0,0,0,
ColinFinck,,,,,,,0,0,0,
mauro3,,,,,,,0,0,0,
christophsax,,,,,,,0,0,0,
MoyGcc,,,,,,,0,0,0,
RagnarGrootKoerkamp,,,,,,,0,0,0,
FangjinhuaWang,,,,,,,0,0,0,
dirmeier,,,,,,,0,0,0,
zarubaf,,,,,,,0,0,0,
hfp,,,,,,,0,0,0,
RomanBapst,,,,,,,0,0,0,
jonasrothfuss,,,,,,,0,0,0,
gilvegliach,,,,,,,0,0,0,
renggli,,,,,,,0,0,0,
kynan,,,,,,,0,0,0,
IgorSusmelj,,,,,,,0,0,0,
VladUreche,,,,,,,0,0,0,
ofsoundof,,,,,,,0,0,0,
njavet,,,,,,,0,0,0,
greschd,,,,,,,0,0,0,
pcko1,,,,,,,0,0,0,
matthias-springer,,,,,,,0,0,0,
maxkueng,,,,,,,0,0,0,
openscript,,,,,,,0,0,0,
janhohenheim,,,,,,,0,0,0,
michellesanver,,,,,,,0,0,0,
schweikert,,,,,,,0,0,0,
weblucas,,,,,,,0,0,0,
nilq,,,,,,,0,0,0,
duguyue100,,,,,,,0,0,0,
beniwohli,,,,,,,0,0,0,
splendido,,,,,,,0,0,0,
gurkirt,,,,,,,0,0,0,
dougxc,,,,,,,0,0,0,
bhbr,,,,,,,0,0,0,
19reborn,,,,,,,0,0,0,
victorreijgwart,,,,,,,0,0,0,
metaodi,,,,,,,0,0,0,
zc-alexfan,,,,,,,0,0,0,
gmile,,,,,,,0,0,0,
joelbarmettlerUZH,,,,,,,0,0,0,
markkua,,,,,,,0,0,0,
edinsoncs,,,,,,,0,0,0,
bermanmaxim,,,,,,,0,0,0,
bartoszmajsak,,,,,,,0,0,0,
Zzh2000,,,,,,,0,0,0,
MeteoSwiss,,,,,,,0,0,0,
nanoant,,,,,,,0,0,0,
ffurrer,,,,,,,0,0,0,
jaimefrio,,,,,,,0,0,0,
carstein,,,,,,,0,0,0,
qinenergy,,,,,,,0,0,0,
sspreitzer,,,,,,,0,0,0,
lorenwel,,,,,,,0,0,0,
maxvfischer,,,,,,,0,0,0,
nikitardn,,,,,,,0,0,0,
tobiasfshr,,,,,,,0,0,0,
FinalAngel,,,,,,,0,0,0,
junwoo091400,,,,,,,0,0,0,
alexef,,,,,,,0,0,0,
eth-ait,,,,,,,0,0,0,
jpuigcerver,,,,,,,0,0,0,
engelju,,,,,,,0,0,0,
lukaselmer,,,,,,,0,0,0,
d909b,,,,,,,0,0,0,
DonkeyShot21,,,,,,,0,0,0,
paytonrules,,,,,,,0,0,0,
WGierke,,,,,,,0,0,0,
jsnell,,,,,,,0,0,0,
markomih,,,,,,,0,0,0,
davidbauer,,,,,,,0,0,0,
simonschiller,,,,,,,0,0,0,
adridadou,,,,,,,0,0,0,
enricobacis,,,,,,,0,0,0,
pboos,,,,,,,0,0,0,
zero9178,,,,,,,0,0,0,
visini,,,,,,,0,0,0,
zhendongsu,,,,,,,0,0,0,
mms-gianni,,,,,,,0,0,0,
markrobinsonuzh,,,,,,,0,0,0,
ulugbekna,,,,,,,0,0,0,
lbolla,,,,,,,0,0,0,
davidknezic,,,,,,,0,0,0,
etrulls,,,,,,,0,0,0,
mfehr,,,,,,,0,0,0,
pavelzw,,,,,,,0,0,0,
gocarlos,,,,,,,0,0,0,
paulstarke,,,,,,,0,0,0,
AnotherKamila,,,,,,,0,0,0,
DeAngelisA,,,,,,,0,0,0,
N2D4,,,,,,,0,0,0,
adamant-pwn,,,,,,,0,0,0,
tobru,,,,,,,0,0,0,
mbannert,,,,,,,0,0,0,
enisimsar,,,,,,,0,0,0,
weders,,,,,,,0,0,0,
kysucix,,,,,,,0,0,0,
patricksnape,,,,,,,0,0,0,
marionschleifer,,,,,,,0,0,0,
definelicht,,,,,,,0,0,0,
glynos,,,,,,,0,0,0,
monfera,,,,,,,0,0,0,
Civil,,,,,,,0,0,0,
palladius,,,,,,,0,0,0,
mrossinek,,,,,,,0,0,0,
jiaxi-jiang,,,,,,,0,0,0,
dlsc-software-consulting-gmbh,,,,,,,0,0,0,
juliand665,,,,,,,0,0,0,
sdierauf,,,,,,,0,0,0,
tbocek,,,,,,,0,0,0,
DaryaZareM,,,,,,,0,0,0,
mpascariu,,,,,,,0,0,0,
rohit01,,,,,,,0,0,0,
delay,,,,,,,0,0,0,
kimpers,,,,,,,0,0,0,
animeshtrivedi,,,,,,,0,0,0,
AlessioTonioni,,,,,,,0,0,0,
Nikasa1889,,,,,,,0,0,0,
ZurichNLP,,,,,,,0,0,0,
cynkra,,,,,,,0,0,0,
gokul-uf,,,,,,,0,0,0,
objecthub,,,,,,,0,0,0,
rberenguel,,,,,,,0,0,0,
dan2k3k4,,,,,,,0,0,0,
aymenfurter,,,,,,,0,0,0,
zita-ch,,,,,,,0,0,0,
CLIMADA-project,,,,,,,0,0,0,
marco-fp,,,,,,,0,0,0,
vcaen,,,,,,,0,0,0,
mandulaj,,,,,,,0,0,0,
rangsimanketkaew,,,,,,,0,0,0,
magehrig,,,,,,,0,0,0,
EPMatt,,,,,,,0,0,0,
lamyiowce,,,,,,,0,0,0,
Cryoris,,,,,,,0,0,0,
yccgabby,,,,,,,0,0,0,
Abhiroop,,,,,,,0,0,0,
Amsterdam-gov,,,,,,,0,0,0,
jasha64,,,,,,,0,0,0,
antoinealb,,,,,,,0,0,0,
shao-hua-li,,,,,,,0,0,0,
max-vogler,,,,,,,0,0,0,
SunHao-0,,,,,,,0,0,0,
uwolfer,,,,,,,0,0,0,
fauconnier,,,,,,,0,0,0,
gildor478,,,,,,,0,0,0,
behrooz-tahanzadeh,,,,,,,0,0,0,
dulucas,,,,,,,0,0,0,
mathause,,,,,,,0,0,0,
donghao51,,,,,,,0,0,0,
ThingPulse,,,,,,,0,0,0,
agostbiro,,,,,,,0,0,0,
lukebuehler,,,,,,,0,0,0,
vastsoun,,,,,,,0,0,0,
gseitz,,,,,,,0,0,0,
dw5,,,,,,,0,0,0,
sergiotocalini,,,,,,,0,0,0,
MartinHahner,,,,,,,0,0,0,
iwangu,,,,,,,0,0,0,
dcordero,,,,,,,0,0,0,
nopper,,,,,,,0,0,0,
stackoverflow,,,,,,,0,0,0,
munterfi,,,,,,,0,0,0,
lejoe,,,,,,,0,0,0,
birchera,,,,,,,0,0,0,
kelia,,,,,,,0,0,0,
mzdr,,,,,,,0,0,0,
luca-moser,,,,,,,0,0,0,
rschlaefli,,,,,,,0,0,0,
lris,,,,,,,0,0,0,
danacr,,,,,,,0,0,0,
massich,,,,,,,0,0,0,
nicomazz,,,,,,,0,0,0,
ThreeFx,,,,,,,0,0,0,
nmarincic,,,,,,,0,0,0,
carlfriess,,,,,,,0,0,0,
cmaraziaris,,,,,,,0,0,0,
gsmachado,,,,,,,0,0,0,
davidoort,,,,,,,0,0,0,
EliiseS,,,,,,,0,0,0,
ezzarghili,,,,,,,0,0,0,
ymattw,,,,,,,0,0,0,
KasparEtter,,,,,,,0,0,0,
tomvanmele,,,,,,,0,0,0,
jeremystucki,,,,,,,0,0,0,
AWehenkel,,,,,,,0,0,0,
rinikerlab,,,,,,,0,0,0,
jingchengchen-com,,,,,,,0,0,0,
foehnx,,,,,,,0,0,0,
lizuoyue,,,,,,,0,0,0,
unidesigner,,,,,,,0,0,0,
J22Melody,,,,,,,0,0,0,
zimrick,,,,,,,0,0,0,
cjeker,,,,,,,0,0,0,
computational-psychiatry-course,,,,,,,0,0,0,
sanweiliti,,,,,,,0,0,0,
yati-sagade,,,,,,,0,0,0,
alexvicegrab,,,,,,,0,0,0,
christiandelbianco,,,,,,,0,0,0,
BlockResearchGroup,,,,,,,0,0,0,
viperproject,,,,,,,0,0,0,
rafaelkallis,,,,,,,0,0,0,
suryanshkumar,,,,,,,0,0,0,
pmagaz,,,,,,,0,0,0,
tutunarsl,,,,,,,0,0,0,
eth-easl,,,,,,,0,0,0,
ratschlab,,,,,,,0,0,0,
davidnbresch,,,,,,,0,0,0,
gskbyte,,,,,,,0,0,0,
kekeblom,,,,,,,0,0,0,
fbornhofen,,,,,,,0,0,0,
stefanhaustein,,,,,,,0,0,0,
stefanobaghino,,,,,,,0,0,0,
tobidelbruck,,,,,,,0,0,0,
alxschwrz,,,,,,,0,0,0,
cfernandezlab,,,,,,,0,0,0,
aleximmer,,,,,,,0,0,0,
alshabib,,,,,,,0,0,0,
bonevbs,,,,,,,0,0,0,
WenqiJiang,,,,,,,0,0,0,
m2kulkarni,,,,,,,0,0,0,
0xabu,,,,,,,0,0,0,
interrogator,,,,,,,0,0,0,
dcetin,,,,,,,0,0,0,
onrunning,,,,,,,0,0,0,
tobiasvonarx,,,,,,,0,0,0,
lucat1,,,,,,,0,0,0,
qcscine,,,,,,,0,0,0,
benschlueter,,,,,,,0,0,0,
pacoita,,,,,,,0,0,0,
rozumden,,,,,,,0,0,0,
signalwerk,,,,,,,0,0,0,
eile,,,,,,,0,0,0,
christianbuck,,,,,,,0,0,0,
ffelten,,,,,,,0,0,0,
StrawbrryFlurry,,,,,,,0,0,0,
aycatakmaz,,,,,,,0,0,0,
maruthven,,,,,,,0,0,0,
ioanamoraru14,,,,,,,0,0,0,
jkflying,,,,,,,0,0,0,
armsp,,,,,,,0,0,0,
srfdata,,,,,,,0,0,0,
vorushin,,,,,,,0,0,0,
mjlm,,,,,,,0,0,0,
markiv,,,,,,,0,0,0,
koffeinfrei,,,,,,,0,0,0,
jscriptcoder,,,,,,,0,0,0,
zj-dong,,,,,,,0,0,0,
saveriob,,,,,,,0,0,0,
clisztian,,,,,,,0,0,0,
balgan,,,,,,,0,0,0,
Chive,,,,,,,0,0,0,
zhejz,,,,,,,0,0,0,
rgoldade,,,,,,,0,0,0,
IngmarStein,,,,,,,0,0,0,
brade31919,,,,,,,0,0,0,
cimeister,,,,,,,0,0,0,
codebuff,,,,,,,0,0,0,
dhananjaysathe,,,,,,,0,0,0,
jvgomez,,,,,,,0,0,0,
tobias-tengler,,,,,,,0,0,0,
dlaptev,,,,,,,0,0,0,
abossard,,,,,,,0,0,0,
paddyzab,,,,,,,0,0,0,
maveonair,,,,,,,0,0,0,
younies,,,,,,,0,0,0,
xing89qs,,,,,,,0,0,0,
scannells,,,,,,,0,0,0,
manuelstofer,,,,,,,0,0,0,
guglielmocamporese,,,,,,,0,0,0,
cstancu,,,,,,,0,0,0,
FrancoFernando,,,,,,,0,0,0,
sashashakun,,,,,,,0,0,0,
pstutz,,,,,,,0,0,0,
sbliven,,,,,,,0,0,0,
Javier-varez,,,,,,,0,0,0,
joslat,,,,,,,0,0,0,
yenicelik,,,,,,,0,0,0,
stefan-woerner,,,,,,,0,0,0,
tatp22,,,,,,,0,0,0,
LVala,,,,,,,0,0,0,
kolloch,,,,,,,0,0,0,
WhiteFireFox,,,,,,,0,0,0,
NDresevic,,,,,,,0,0,0,
mmathys,,,,,,,0,0,0,
gavincangan,,,,,,,0,0,0,
arnofiva,,,,,,,0,0,0,
SDAChess,,,,,,,0,0,0,
algattik,,,,,,,0,0,0,
lukstafi,,,,,,,0,0,0,
vxsx,,,,,,,0,0,0,
bianan,,,,,,,0,0,0,
dmengelt,,,,,,,0,0,0,
xarthurx,,,,,,,0,0,0,
panterch,,,,,,,0,0,0,
